INSERT INTO SPECJALIZACJA
VALUES
  ('SPAWANIE'),
  ('WYSOKIE NAPIECIE'),
  ('PODWOZIE');

INSERT INTO ETAT
VALUES
  ('ELEKTRONIK', 2800.00),
  ('ELEKTROTECHNIK', 3300.00),
  ('INFORMATYK', 3600.00),
  ('TAPICER', 4000.00),
  ('MECHANIK', 2300.00),
  ('BLACHARZ', 2199.99),
  ('STOLARZ', 2200.13);

INSERT INTO PRACOWNIK (SPEC, ETAT, IMIE, NAZWISKO, DATA_ZATR)
VALUES
  (NULL, 'BLACHARZ', 'BARTOSZ', 'KOWALSKI', '1999-01-04'),
  ('SPAWANIE', 'BLACHARZ', 'KAZIMIERZ', 'UJAZDOWSKI', '2005-03-02'),
  ('WYSOKIE NAPIECIE', 'ELEKTROTECHNIK', 'MARCIN', 'DOLATA', '2013-06-23'),
  (NULL, 'MECHANIK', 'FRANCISZEK', 'KIMONO', '2011-11-09'),
  (NULL, 'INFORMATYK', 'AGNIESZKA', 'CYBULSKA', '1998-02-01'),
  ('PODWOZIE', 'MECHANIK', 'JANUSZ', 'ZOLL', '2002-08-29'),
  (NULL, 'MECHANIK', 'DOMINIK', 'BOBER', '2006-12-01'),
  (NULL, 'TAPICER', 'TYMOTEUSZ', 'MENDEL', '2003-02-12');

INSERT INTO STATUS
VALUES
  ('NOWA'),
  ('W REALIZACJI'),
  ('ZAKONCZONA'),
  ('OPOZNIONA');

INSERT INTO CZESC
VALUES
  ('DRZWI'),
  ('OS'),
  ('PANTOGRAF'),
  ('SIEDZENIE'),
  ('SILNIK');

INSERT INTO MODEL (NAZWA, DLUGOSC, NISKOPODLOGOWY)
VALUES
  ('105Na', 13500, FALSE),
  ('105NaDK', 13500, FALSE),
  ('GT8S', 27480, FALSE),
  ('S105p', 29300, TRUE);

INSERT INTO STAN_CZESCI
VALUES
  ('105Na', 'DRZWI', 21, 1300.00),
  ('GT8S', 'DRZWI', 3, 3100.00),
  ('GT8S', 'PANTOGRAF', 8, 7200.00),
  ('105Na', 'PANTOGRAF', 9, 9200.00),
  ('105NaDK', 'PANTOGRAF', 2, 17200.00),
  ('S105p', 'SIEDZENIE', 61, 200.00),
  ('105Na', 'SIEDZENIE', 22, 230.00);

INSERT INTO TRAMWAJ (MODEL, ROK_PRODUKCJI)
VALUES
  ('105Na', 1978),
  ('105Na', 1988),
  ('105NaDK', 1979),
  ('S105p', 2011);

INSERT INTO TYP_USTERKI
VALUES
  ('ZASILANIE', 20),
  ('MECHANICZNA', 10),
  ('NAPED', 45),
  ('UTRZYMANIE', 1);

INSERT INTO ZAJEZDNIA (ADRES)
VALUES
  ('FORTECZNA'),
  ('GLOGOWSKA'),
  ('ZEYLANDA'),
  ('FRANOWO');

INSERT INTO USTERKA (ID_TRAM, TYP, ID_ZAJEZD, STATUS, DATA)
VALUES
  (2, 'NAPED', 3, 'NOWA', '2018-11-27'),
  (1, 'ZASILANIE', 1, 'W REALIZACJI', '2018-10-18'),
  (4, 'UTRZYMANIE', 2, 'ZAKONCZONA', '2018-10-28');

INSERT INTO PRZYDZIAL
VALUES
  (1, 2),
  (5, 3);
